dbId;date;user;model;parameter;check
2033;1646082058818;Adrian;modelo test;Keynote;Sin rellenar;
3064;1646082058822;Adrian;modelo test;Keynote;Sin rellenar;
2916;1646082058819;Adrian;modelo test;Keynote;Sin rellenar;
2527;1646082058820;Adrian;modelo test;Keynote;Sin rellenar;
2901;1646082058820;Adrian;modelo test;Keynote;Sin rellenar;
2714;1646082058821;Adrian;modelo test;Keynote;Sin rellenar;
2810;1646082058821;Adrian;modelo test;Keynote;Sin rellenar;
3775;1646082058822;Adrian;modelo test;Keynote;Sin rellenar;
2103;1646082058823;Adrian;modelo test;Keynote;Ok;
2589;1646082058823;Adrian;modelo test;Keynote;Ok;
2590;1646082058824;Adrian;modelo test;Keynote;Ok;
2872;1646082058825;Adrian;modelo test;Keynote;Ok;
2179;1646082058826;Adrian;modelo test;Keynote;Ok;
2522;1646082058826;Adrian;modelo test;Keynote;Ok;
2543;1646082058827;Adrian;modelo test;Keynote;Ok;
2588;1646082058827;Adrian;modelo test;Keynote;Ok;
2106;1646082058825;Adrian;modelo test;Keynote;Ok;
4036;1646082058829;Adrian;modelo test;Keynote;Ok;
4045;1646082058829;Adrian;modelo test;Keynote;Ok;
2585;1646082058830;Adrian;modelo test;Keynote;Sin rellenar;
2587;1646082058830;Adrian;modelo test;Keynote;Sin rellenar;
3103;1646082058828;Adrian;modelo test;Keynote;Ok;
2599;1646082058832;Adrian;modelo test;Keynote;Sin rellenar;
2600;1646082058833;Adrian;modelo test;Keynote;Sin rellenar;
2601;1646082058833;Adrian;modelo test;Keynote;Sin rellenar;
2602;1646082058834;Adrian;modelo test;Keynote;Sin rellenar;
4130;1646082058831;Adrian;modelo test;Keynote;Sin rellenar;
2604;1646082058836;Adrian;modelo test;Keynote;Sin rellenar;
2726;1646082058836;Adrian;modelo test;Keynote;Sin rellenar;
2753;1646082058837;Adrian;modelo test;Keynote;Sin rellenar;
2754;1646082058837;Adrian;modelo test;Keynote;Sin rellenar;
2603;1646082058835;Adrian;modelo test;Keynote;Sin rellenar;
4348;1646082058838;Adrian;modelo test;Keynote;Sin rellenar;
4352;1646082058839;Adrian;modelo test;Keynote;Sin rellenar;
4353;1646082058839;Adrian;modelo test;Keynote;Sin rellenar;
4938;1646082058840;Adrian;modelo test;Keynote;Sin rellenar;
3869;1646082058838;Adrian;modelo test;Keynote;Sin rellenar;
2686;1646082058841;Adrian;modelo test;Keynote;Ok;
2692;1646082058841;Adrian;modelo test;Keynote;Ok;
3029;1646082058842;Adrian;modelo test;Keynote;Ok;
3035;1646082058842;Adrian;modelo test;Keynote;Ok;
2683;1646082058840;Adrian;modelo test;Keynote;Ok;
2700;1646082058843;Adrian;modelo test;Keynote;Sin rellenar;
2997;1646082058844;Adrian;modelo test;Keynote;Sin rellenar;
3005;1646082058844;Adrian;modelo test;Keynote;Sin rellenar;
3729;1646082058844;Adrian;modelo test;Keynote;Sin rellenar;
3052;1646082058843;Adrian;modelo test;Keynote;Ok;
3731;1646082058845;Adrian;modelo test;Keynote;Sin rellenar;
3732;1646082058846;Adrian;modelo test;Keynote;Sin rellenar;
3733;1646082058846;Adrian;modelo test;Keynote;Sin rellenar;
3791;1646082058847;Adrian;modelo test;Keynote;Sin rellenar;
3730;1646082058845;Adrian;modelo test;Keynote;Sin rellenar;
4961;1646082058847;Adrian;modelo test;Keynote;Sin rellenar;
2557;1646082058848;Adrian;modelo test;Keynote;Sin rellenar;
2563;1646082058848;Adrian;modelo test;Keynote;Sin rellenar;
2568;1646082058849;Adrian;modelo test;Keynote;Sin rellenar;
3801;1646082058847;Adrian;modelo test;Keynote;Sin rellenar;
2570;1646082058850;Adrian;modelo test;Keynote;Sin rellenar;
2571;1646082058850;Adrian;modelo test;Keynote;Sin rellenar;
2572;1646082058851;Adrian;modelo test;Keynote;Sin rellenar;
2573;1646082058851;Adrian;modelo test;Keynote;Sin rellenar;
2569;1646082058849;Adrian;modelo test;Keynote;Sin rellenar;
2577;1646082058852;Adrian;modelo test;Keynote;Sin rellenar;
2578;1646082058852;Adrian;modelo test;Keynote;Sin rellenar;
2579;1646082058853;Adrian;modelo test;Keynote;Sin rellenar;
2580;1646082058853;Adrian;modelo test;Keynote;Sin rellenar;
2576;1646082058852;Adrian;modelo test;Keynote;Sin rellenar;
2582;1646082058854;Adrian;modelo test;Keynote;Sin rellenar;
2632;1646082058855;Adrian;modelo test;Keynote;Sin rellenar;
2633;1646082058855;Adrian;modelo test;Keynote;Sin rellenar;
2634;1646082058855;Adrian;modelo test;Keynote;Sin rellenar;
2581;1646082058854;Adrian;modelo test;Keynote;Sin rellenar;
2638;1646082058856;Adrian;modelo test;Keynote;Sin rellenar;
2640;1646082058879;Adrian;modelo test;Keynote;Sin rellenar;
2642;1646082058880;Adrian;modelo test;Keynote;Sin rellenar;
2643;1646082058881;Adrian;modelo test;Keynote;Sin rellenar;
2636;1646082058856;Adrian;modelo test;Keynote;Sin rellenar;
2645;1646082058881;Adrian;modelo test;Keynote;Sin rellenar;
2646;1646082058882;Adrian;modelo test;Keynote;Sin rellenar;
2647;1646082058882;Adrian;modelo test;Keynote;Sin rellenar;
2648;1646082058883;Adrian;modelo test;Keynote;Sin rellenar;
2644;1646082058881;Adrian;modelo test;Keynote;Sin rellenar;
2650;1646082058883;Adrian;modelo test;Keynote;Sin rellenar;
2651;1646082058886;Adrian;modelo test;Keynote;Sin rellenar;
2652;1646082058886;Adrian;modelo test;Keynote;Sin rellenar;
2653;1646082058887;Adrian;modelo test;Keynote;Sin rellenar;
2649;1646082058883;Adrian;modelo test;Keynote;Sin rellenar;
2655;1646082058887;Adrian;modelo test;Keynote;Sin rellenar;
2852;1646082058888;Adrian;modelo test;Keynote;Sin rellenar;
3264;1646082058888;Adrian;modelo test;Keynote;Sin rellenar;
3265;1646082058888;Adrian;modelo test;Keynote;Sin rellenar;
2654;1646082058887;Adrian;modelo test;Keynote;Sin rellenar;
3728;1646082058889;Adrian;modelo test;Keynote;Sin rellenar;
4037;1646082058890;Adrian;modelo test;Keynote;Sin rellenar;
4038;1646082058890;Adrian;modelo test;Keynote;Sin rellenar;
4039;1646082058891;Adrian;modelo test;Keynote;Sin rellenar;
3266;1646082058889;Adrian;modelo test;Keynote;Sin rellenar;
4041;1646082058891;Adrian;modelo test;Keynote;Sin rellenar;
4240;1646082058892;Adrian;modelo test;Keynote;Sin rellenar;
4241;1646082058892;Adrian;modelo test;Keynote;Sin rellenar;
4242;1646082058893;Adrian;modelo test;Keynote;Sin rellenar;
4040;1646082058891;Adrian;modelo test;Keynote;Sin rellenar;
4244;1646082058894;Adrian;modelo test;Keynote;Sin rellenar;
4245;1646082058894;Adrian;modelo test;Keynote;Sin rellenar;
4246;1646082058895;Adrian;modelo test;Keynote;Sin rellenar;
4247;1646082058895;Adrian;modelo test;Keynote;Sin rellenar;
4243;1646082058893;Adrian;modelo test;Keynote;Sin rellenar;
4249;1646082058896;Adrian;modelo test;Keynote;Sin rellenar;
4250;1646082058896;Adrian;modelo test;Keynote;Sin rellenar;
4251;1646082058897;Adrian;modelo test;Keynote;Sin rellenar;
4252;1646082058897;Adrian;modelo test;Keynote;Sin rellenar;
4248;1646082058895;Adrian;modelo test;Keynote;Sin rellenar;
3388;1646082058898;Adrian;modelo test;Keynote;Sin rellenar;
3390;1646082058898;Adrian;modelo test;Keynote;Sin rellenar;
3392;1646082058899;Adrian;modelo test;Keynote;Sin rellenar;
3393;1646082058899;Adrian;modelo test;Keynote;Sin rellenar;
3386;1646082058897;Adrian;modelo test;Keynote;Sin rellenar;
3395;1646082058900;Adrian;modelo test;Keynote;Sin rellenar;
3396;1646082058900;Adrian;modelo test;Keynote;Sin rellenar;
3397;1646082058901;Adrian;modelo test;Keynote;Sin rellenar;
3398;1646082058901;Adrian;modelo test;Keynote;Sin rellenar;
3394;1646082058899;Adrian;modelo test;Keynote;Sin rellenar;
3400;1646082058902;Adrian;modelo test;Keynote;Sin rellenar;
3401;1646082058902;Adrian;modelo test;Keynote;Sin rellenar;
3402;1646082058903;Adrian;modelo test;Keynote;Sin rellenar;
3403;1646082058903;Adrian;modelo test;Keynote;Sin rellenar;
3399;1646082058901;Adrian;modelo test;Keynote;Sin rellenar;
4145;1646082058904;Adrian;modelo test;Keynote;Sin rellenar;
4146;1646082058904;Adrian;modelo test;Keynote;Sin rellenar;
4147;1646082058904;Adrian;modelo test;Keynote;Sin rellenar;
4148;1646082058905;Adrian;modelo test;Keynote;Sin rellenar;
4144;1646082058903;Adrian;modelo test;Keynote;Sin rellenar;
4150;1646082058906;Adrian;modelo test;Keynote;Sin rellenar;
4151;1646082058906;Adrian;modelo test;Keynote;Sin rellenar;
4152;1646082058906;Adrian;modelo test;Keynote;Sin rellenar;
4153;1646082058907;Adrian;modelo test;Keynote;Sin rellenar;
4149;1646082058905;Adrian;modelo test;Keynote;Sin rellenar;
4155;1646082058907;Adrian;modelo test;Keynote;Sin rellenar;
4156;1646082058908;Adrian;modelo test;Keynote;Sin rellenar;
3423;1646082058908;Adrian;modelo test;Keynote;Sin rellenar;
3424;1646082058909;Adrian;modelo test;Keynote;Sin rellenar;
4154;1646082058907;Adrian;modelo test;Keynote;Sin rellenar;
3426;1646082058910;Adrian;modelo test;Keynote;Sin rellenar;
3427;1646082058911;Adrian;modelo test;Keynote;Sin rellenar;
3429;1646082058911;Adrian;modelo test;Keynote;Sin rellenar;
3430;1646082058911;Adrian;modelo test;Keynote;Sin rellenar;
3425;1646082058909;Adrian;modelo test;Keynote;Sin rellenar;
3432;1646082058912;Adrian;modelo test;Keynote;Sin rellenar;
3434;1646082058913;Adrian;modelo test;Keynote;Sin rellenar;
3435;1646082058913;Adrian;modelo test;Keynote;Sin rellenar;
3436;1646082058913;Adrian;modelo test;Keynote;Sin rellenar;
3431;1646082058912;Adrian;modelo test;Keynote;Sin rellenar;
3438;1646082058914;Adrian;modelo test;Keynote;Sin rellenar;
3455;1646082058914;Adrian;modelo test;Keynote;Sin rellenar;
3456;1646082058915;Adrian;modelo test;Keynote;Sin rellenar;
3457;1646082058915;Adrian;modelo test;Keynote;Sin rellenar;
3437;1646082058914;Adrian;modelo test;Keynote;Sin rellenar;
3460;1646082058916;Adrian;modelo test;Keynote;Sin rellenar;
3461;1646082058916;Adrian;modelo test;Keynote;Sin rellenar;
3462;1646082058917;Adrian;modelo test;Keynote;Sin rellenar;
3463;1646082058917;Adrian;modelo test;Keynote;Sin rellenar;
3458;1646082058916;Adrian;modelo test;Keynote;Sin rellenar;
4977;1646082058918;Adrian;modelo test;Keynote;Sin rellenar;
4979;1646082058918;Adrian;modelo test;Keynote;Sin rellenar;
4981;1646082058919;Adrian;modelo test;Keynote;Sin rellenar;
4975;1646082058917;Adrian;modelo test;Keynote;Sin rellenar;
4987;1646082058920;Adrian;modelo test;Keynote;Sin rellenar;
4989;1646082058920;Adrian;modelo test;Keynote;Sin rellenar;
4990;1646082058921;Adrian;modelo test;Keynote;Sin rellenar;
4983;1646082058919;Adrian;modelo test;Keynote;Sin rellenar;
4985;1646082058919;Adrian;modelo test;Keynote;Sin rellenar;
4992;1646082058921;Adrian;modelo test;Keynote;Sin rellenar;
4993;1646082058922;Adrian;modelo test;Keynote;Sin rellenar;
4994;1646082058922;Adrian;modelo test;Keynote;Sin rellenar;
4995;1646082058923;Adrian;modelo test;Keynote;Sin rellenar;
4991;1646082058921;Adrian;modelo test;Keynote;Sin rellenar;
5044;1646082058924;Adrian;modelo test;Keynote;Sin rellenar;
5045;1646082058924;Adrian;modelo test;Keynote;Sin rellenar;
5046;1646082058924;Adrian;modelo test;Keynote;Sin rellenar;
5047;1646082058925;Adrian;modelo test;Keynote;Sin rellenar;
4996;1646082058923;Adrian;modelo test;Keynote;Sin rellenar;
5049;1646082058926;Adrian;modelo test;Keynote;Sin rellenar;
5050;1646082058926;Adrian;modelo test;Keynote;Sin rellenar;
5051;1646082058926;Adrian;modelo test;Keynote;Sin rellenar;
5052;1646082058927;Adrian;modelo test;Keynote;Sin rellenar;
5048;1646082058925;Adrian;modelo test;Keynote;Sin rellenar;
5054;1646082058927;Adrian;modelo test;Keynote;Sin rellenar;
5055;1646082058928;Adrian;modelo test;Keynote;Sin rellenar;
5056;1646082058928;Adrian;modelo test;Keynote;Sin rellenar;
5057;1646082058928;Adrian;modelo test;Keynote;Sin rellenar;
5053;1646082058927;Adrian;modelo test;Keynote;Sin rellenar;
5059;1646082058929;Adrian;modelo test;Keynote;Sin rellenar;
5060;1646082058930;Adrian;modelo test;Keynote;Sin rellenar;
5061;1646082058930;Adrian;modelo test;Keynote;Sin rellenar;
4942;1646082058931;Adrian;modelo test;Keynote;Sin rellenar;
5058;1646082058929;Adrian;modelo test;Keynote;Sin rellenar;
4945;1646082058934;Adrian;modelo test;Keynote;Sin rellenar;
4947;1646082058935;Adrian;modelo test;Keynote;Sin rellenar;
4949;1646082058935;Adrian;modelo test;Keynote;Sin rellenar;
4951;1646082058935;Adrian;modelo test;Keynote;Sin rellenar;
4943;1646082058932;Adrian;modelo test;Keynote;Sin rellenar;
4953;1646082058936;Adrian;modelo test;Keynote;Sin rellenar;
4954;1646082058937;Adrian;modelo test;Keynote;Sin rellenar;
4955;1646082058937;Adrian;modelo test;Keynote;Sin rellenar;
4956;1646082058937;Adrian;modelo test;Keynote;Sin rellenar;
4952;1646082058936;Adrian;modelo test;Keynote;Sin rellenar;
4958;1646082058938;Adrian;modelo test;Keynote;Sin rellenar;
5040;1646082058938;Adrian;modelo test;Keynote;Sin rellenar;
5041;1646082058939;Adrian;modelo test;Keynote;Sin rellenar;
5042;1646082058939;Adrian;modelo test;Keynote;Sin rellenar;
4957;1646082058938;Adrian;modelo test;Keynote;Sin rellenar;
5064;1646082058940;Adrian;modelo test;Keynote;Sin rellenar;
5066;1646082058940;Adrian;modelo test;Keynote;Sin rellenar;
4999;1646082058941;Adrian;modelo test;Keynote;Sin rellenar;
5000;1646082058941;Adrian;modelo test;Keynote;Sin rellenar;
5043;1646082058940;Adrian;modelo test;Keynote;Sin rellenar;
5002;1646082058942;Adrian;modelo test;Keynote;Sin rellenar;
5003;1646082058943;Adrian;modelo test;Keynote;Sin rellenar;
5005;1646082058943;Adrian;modelo test;Keynote;Sin rellenar;
5007;1646082058944;Adrian;modelo test;Keynote;Sin rellenar;
5001;1646082058942;Adrian;modelo test;Keynote;Sin rellenar;
5011;1646082058944;Adrian;modelo test;Keynote;Sin rellenar;
5013;1646082058945;Adrian;modelo test;Keynote;Sin rellenar;
5015;1646082058946;Adrian;modelo test;Keynote;Sin rellenar;
5017;1646082058946;Adrian;modelo test;Keynote;Sin rellenar;
5009;1646082058944;Adrian;modelo test;Keynote;Sin rellenar;
5019;1646082058947;Adrian;modelo test;Keynote;Sin rellenar;
5020;1646082058947;Adrian;modelo test;Keynote;Sin rellenar;
5021;1646082058948;Adrian;modelo test;Keynote;Sin rellenar;
5022;1646082058948;Adrian;modelo test;Keynote;Sin rellenar;
5018;1646082058946;Adrian;modelo test;Keynote;Sin rellenar;
5024;1646082058949;Adrian;modelo test;Keynote;Sin rellenar;
5025;1646082058949;Adrian;modelo test;Keynote;Sin rellenar;
5026;1646082058949;Adrian;modelo test;Keynote;Sin rellenar;
5027;1646082058950;Adrian;modelo test;Keynote;Sin rellenar;
5023;1646082058948;Adrian;modelo test;Keynote;Sin rellenar;
5029;1646082058951;Adrian;modelo test;Keynote;Sin rellenar;
5030;1646082058951;Adrian;modelo test;Keynote;Sin rellenar;
5031;1646082058951;Adrian;modelo test;Keynote;Sin rellenar;
5032;1646082058952;Adrian;modelo test;Keynote;Sin rellenar;
5028;1646082058950;Adrian;modelo test;Keynote;Sin rellenar;
5034;1646082058953;Adrian;modelo test;Keynote;Sin rellenar;
5035;1646082058953;Adrian;modelo test;Keynote;Sin rellenar;
5036;1646082058953;Adrian;modelo test;Keynote;Sin rellenar;
5037;1646082058954;Adrian;modelo test;Keynote;Sin rellenar;
5033;1646082058952;Adrian;modelo test;Keynote;Sin rellenar;
2128;1646082058954;Adrian;modelo test;Keynote;Sin rellenar;
2145;1646082058955;Adrian;modelo test;Keynote;Sin rellenar;
2541;1646082058955;Adrian;modelo test;Keynote;Sin rellenar;
3341;1646082058956;Adrian;modelo test;Keynote;Sin rellenar;
5038;1646082058954;Adrian;modelo test;Keynote;Sin rellenar;
4347;1646082058957;Adrian;modelo test;Keynote;Sin rellenar;
4351;1646082058958;Adrian;modelo test;Keynote;Sin rellenar;
3909;1646082058958;Adrian;modelo test;Keynote;Sin rellenar;
3910;1646082058958;Adrian;modelo test;Keynote;Sin rellenar;
4337;1646082058957;Adrian;modelo test;Keynote;Sin rellenar;
4346;1646082058959;Adrian;modelo test;Keynote;Sin rellenar;
4350;1646082058960;Adrian;modelo test;Keynote;Sin rellenar;
2213;1646082058960;Adrian;modelo test;Keynote;Sin rellenar;
3533;1646082058961;Adrian;modelo test;Keynote;Sin rellenar;
4341;1646082058959;Adrian;modelo test;Keynote;Sin rellenar;
2669;1646082058961;Adrian;modelo test;Keynote;Sin parametro;
2837;1646082058962;Adrian;modelo test;Keynote;Sin parametro;
2505;1646082058962;Adrian;modelo test;Keynote;Sin rellenar;
3445;1646082058963;Adrian;modelo test;Keynote;Sin rellenar;
2495;1646082058961;Adrian;modelo test;Keynote;Sin parametro;
2535;1646082058964;Adrian;modelo test;Keynote;Sin rellenar;
2536;1646082058964;Adrian;modelo test;Keynote;Sin rellenar;
2925;1646082058965;Adrian;modelo test;Keynote;Sin rellenar;
2548;1646082058966;Adrian;modelo test;Keynote;Sin rellenar;
3464;1646082058964;Adrian;modelo test;Keynote;Sin rellenar;
2605;1646082058966;Adrian;modelo test;Keynote;Sin rellenar;
2606;1646082058967;Adrian;modelo test;Keynote;Sin rellenar;
2607;1646082058967;Adrian;modelo test;Keynote;Sin rellenar;
2608;1646082058968;Adrian;modelo test;Keynote;Sin rellenar;
2586;1646082058966;Adrian;modelo test;Keynote;Sin rellenar;
2744;1646082058968;Adrian;modelo test;Keynote;Sin rellenar;
4354;1646082058969;Adrian;modelo test;Keynote;Sin rellenar;
4355;1646082058969;Adrian;modelo test;Keynote;Sin rellenar;
4136;1646082058970;Adrian;modelo test;Keynote;Sin rellenar;
2656;1646082058968;Adrian;modelo test;Keynote;Sin rellenar;
2614;1646082058970;Adrian;modelo test;Keynote;Sin rellenar;
2615;1646082058971;Adrian;modelo test;Keynote;Sin rellenar;
2628;1646082058971;Adrian;modelo test;Keynote;Sin rellenar;
2727;1646082058972;Adrian;modelo test;Keynote;Sin rellenar;
2613;1646082058970;Adrian;modelo test;Keynote;Sin rellenar;
3421;1646082058972;Adrian;modelo test;Keynote;Sin rellenar;
3678;1646082058973;Adrian;modelo test;Keynote;Sin rellenar;
3679;1646082058973;Adrian;modelo test;Keynote;Sin rellenar;
3680;1646082058974;Adrian;modelo test;Keynote;Sin rellenar;
2924;1646082058972;Adrian;modelo test;Keynote;Sin rellenar;
3717;1646082058974;Adrian;modelo test;Keynote;Sin rellenar;
3718;1646082058975;Adrian;modelo test;Keynote;Sin rellenar;
3719;1646082058976;Adrian;modelo test;Keynote;Sin rellenar;
3720;1646082058976;Adrian;modelo test;Keynote;Sin rellenar;
2665;1646082058977;Adrian;modelo test;Keynote;Sin rellenar;
3681;1646082058974;Adrian;modelo test;Keynote;Sin rellenar;
2666;1646082058977;Adrian;modelo test;Keynote;Sin rellenar;
2674;1646082058978;Adrian;modelo test;Keynote;Sin rellenar;
2838;1646082058978;Adrian;modelo test;Keynote;Sin rellenar;
2733;1646082058978;Adrian;modelo test;Keynote;Sin rellenar;
4333;1646082058979;Adrian;modelo test;Keynote;Sin rellenar;
4349;1646082058988;Adrian;modelo test;Keynote;Sin rellenar;
3205;1646082058988;Adrian;modelo test;Keynote;Sin rellenar;
3243;1646082058989;Adrian;modelo test;Keynote;Sin rellenar;
3297;1646082058989;Adrian;modelo test;Keynote;Sin rellenar;
4343;1646082058979;Adrian;modelo test;Keynote;Sin rellenar;
5262;1646082058990;Adrian;modelo test;Keynote;Sin rellenar;
5272;1646082058991;Adrian;modelo test;Keynote;Sin rellenar;
5285;1646082058991;Adrian;modelo test;Keynote;Sin rellenar;
5287;1646082058992;Adrian;modelo test;Keynote;Sin rellenar;
3372;1646082058990;Adrian;modelo test;Keynote;Sin rellenar;
5291;1646082058993;Adrian;modelo test;Keynote;Sin rellenar;
5293;1646082058993;Adrian;modelo test;Keynote;Sin rellenar;
5295;1646082058994;Adrian;modelo test;Keynote;Sin rellenar;
5297;1646082058994;Adrian;modelo test;Keynote;Sin rellenar;
5289;1646082058992;Adrian;modelo test;Keynote;Sin rellenar;
5286;1646082058995;Adrian;modelo test;Keynote;Sin rellenar;
5288;1646082058996;Adrian;modelo test;Keynote;Sin rellenar;
5290;1646082058997;Adrian;modelo test;Keynote;Sin rellenar;
5292;1646082058997;Adrian;modelo test;Keynote;Sin rellenar;
5284;1646082058995;Adrian;modelo test;Keynote;Sin rellenar;
5296;1646082058998;Adrian;modelo test;Keynote;Sin rellenar;
5298;1646082058999;Adrian;modelo test;Keynote;Sin rellenar;
2752;1646082058999;Adrian;modelo test;Keynote;Sin rellenar;
2850;1646082059000;Adrian;modelo test;Keynote;Sin rellenar;
5294;1646082058998;Adrian;modelo test;Keynote;Sin rellenar;
2777;1646082059001;Adrian;modelo test;Keynote;Sin rellenar;
2780;1646082059001;Adrian;modelo test;Keynote;Sin rellenar;
2783;1646082059002;Adrian;modelo test;Keynote;Sin rellenar;
2787;1646082059002;Adrian;modelo test;Keynote;Sin rellenar;
3314;1646082059000;Adrian;modelo test;Keynote;Sin rellenar;
2793;1646082059003;Adrian;modelo test;Keynote;Sin rellenar;
2796;1646082059004;Adrian;modelo test;Keynote;Sin rellenar;
2799;1646082059004;Adrian;modelo test;Keynote;Sin rellenar;
2802;1646082059005;Adrian;modelo test;Keynote;Sin rellenar;
2790;1646082059003;Adrian;modelo test;Keynote;Sin rellenar;
3852;1646082059006;Adrian;modelo test;Keynote;Sin rellenar;
3823;1646082059006;Adrian;modelo test;Keynote;Sin rellenar;
2818;1646082059007;Adrian;modelo test;Keynote;Sin rellenar;
3542;1646082059008;Adrian;modelo test;Keynote;Sin rellenar;
2805;1646082059005;Adrian;modelo test;Keynote;Sin rellenar;
2935;1646082059009;Adrian;modelo test;Keynote;Sin rellenar;
2962;1646082059009;Adrian;modelo test;Keynote;Sin rellenar;
3117;1646082059010;Adrian;modelo test;Keynote;Sin rellenar;
4193;1646082059010;Adrian;modelo test;Keynote;Sin rellenar;
3110;1646082059008;Adrian;modelo test;Keynote;Sin rellenar;
4225;1646082059011;Adrian;modelo test;Keynote;Sin rellenar;
4257;1646082059012;Adrian;modelo test;Keynote;Sin rellenar;
4271;1646082059013;Adrian;modelo test;Keynote;Sin rellenar;
4292;1646082059013;Adrian;modelo test;Keynote;Sin rellenar;
4209;1646082059011;Adrian;modelo test;Keynote;Sin rellenar;
2949;1646082059014;Adrian;modelo test;Keynote;Sin rellenar;
2965;1646082059015;Adrian;modelo test;Keynote;Sin rellenar;
3120;1646082059015;Adrian;modelo test;Keynote;Sin rellenar;
4197;1646082059016;Adrian;modelo test;Keynote;Sin rellenar;
4311;1646082059014;Adrian;modelo test;Keynote;Sin rellenar;
4227;1646082059017;Adrian;modelo test;Keynote;Sin rellenar;
4259;1646082059017;Adrian;modelo test;Keynote;Sin rellenar;
4273;1646082059017;Adrian;modelo test;Keynote;Sin rellenar;
4294;1646082059018;Adrian;modelo test;Keynote;Sin rellenar;
4211;1646082059016;Adrian;modelo test;Keynote;Sin rellenar;
3217;1646082059019;Adrian;modelo test;Keynote;Sin rellenar;
3230;1646082059019;Adrian;modelo test;Keynote;Sin rellenar;
3256;1646082059020;Adrian;modelo test;Keynote;Sin rellenar;
3263;1646082059020;Adrian;modelo test;Keynote;Sin rellenar;
4316;1646082059018;Adrian;modelo test;Keynote;Sin rellenar;
5156;1646082059021;Adrian;modelo test;Keynote;Ok;
5244;1646082059022;Adrian;modelo test;Keynote;Ok;
3279;1646082059022;Adrian;modelo test;Keynote;Sin rellenar;
3284;1646082059023;Adrian;modelo test;Keynote;Sin rellenar;
3307;1646082059020;Adrian;modelo test;Keynote;Sin rellenar;
3379;1646082059023;Adrian;modelo test;Keynote;Sin rellenar;
3677;1646082059024;Adrian;modelo test;Keynote;Sin rellenar;
3682;1646082059024;Adrian;modelo test;Keynote;Sin rellenar;
5081;1646082059025;Adrian;modelo test;Keynote;Sin rellenar;
3321;1646082059023;Adrian;modelo test;Keynote;Sin rellenar;
5106;1646082059026;Adrian;modelo test;Keynote;Ok;
5107;1646082059027;Adrian;modelo test;Keynote;Ok;
5108;1646082059027;Adrian;modelo test;Keynote;Ok;
5110;1646082059027;Adrian;modelo test;Keynote;Ok;
5102;1646082059025;Adrian;modelo test;Keynote;Ok;
5109;1646082059028;Adrian;modelo test;Keynote;Ok;
5127;1646082059029;Adrian;modelo test;Keynote;Ok;
5141;1646082059029;Adrian;modelo test;Keynote;Sin rellenar;
5160;1646082059030;Adrian;modelo test;Keynote;Ok;
5105;1646082059028;Adrian;modelo test;Keynote;Ok;
5191;1646082059030;Adrian;modelo test;Keynote;Ok;
5194;1646082059031;Adrian;modelo test;Keynote;Ok;
5199;1646082059031;Adrian;modelo test;Keynote;Ok;
5200;1646082059032;Adrian;modelo test;Keynote;Ok;
5161;1646082059030;Adrian;modelo test;Keynote;Ok;
5208;1646082059032;Adrian;modelo test;Keynote;Ok;
5212;1646082059033;Adrian;modelo test;Keynote;Sin rellenar;
5213;1646082059033;Adrian;modelo test;Keynote;Sin rellenar;
5223;1646082059034;Adrian;modelo test;Keynote;Ok;
5203;1646082059032;Adrian;modelo test;Keynote;Ok;
5225;1646082059035;Adrian;modelo test;Keynote;Ok;
5226;1646082059035;Adrian;modelo test;Keynote;Ok;
5227;1646082059036;Adrian;modelo test;Keynote;Ok;
5228;1646082059036;Adrian;modelo test;Keynote;Ok;
5224;1646082059034;Adrian;modelo test;Keynote;Ok;
5230;1646082059037;Adrian;modelo test;Keynote;Ok;
3754;1646082059038;Adrian;modelo test;Keynote;Sin rellenar;
3853;1646082059038;Adrian;modelo test;Keynote;Sin rellenar;
3854;1646082059039;Adrian;modelo test;Keynote;Sin rellenar;
3855;1646082059039;Adrian;modelo test;Keynote;Sin rellenar;
5229;1646082059036;Adrian;modelo test;Keynote;Ok;
3856;1646082059039;Adrian;modelo test;Keynote;Sin rellenar;
3857;1646082059040;Adrian;modelo test;Keynote;Sin rellenar;
3858;1646082059040;Adrian;modelo test;Keynote;Sin rellenar;
3859;1646082059041;Adrian;modelo test;Keynote;Sin rellenar;
3978;1646082059041;Adrian;modelo test;Keynote;Sin rellenar;
3905;1646082059042;Adrian;modelo test;Keynote;Sin rellenar;
3937;1646082059042;Adrian;modelo test;Keynote;Sin rellenar;
3943;1646082059043;Adrian;modelo test;Keynote;Sin rellenar;
3944;1646082059043;Adrian;modelo test;Keynote;Sin rellenar;
4035;1646082059042;Adrian;modelo test;Keynote;Sin rellenar;
3948;1646082059044;Adrian;modelo test;Keynote;Sin rellenar;
3953;1646082059045;Adrian;modelo test;Keynote;Sin rellenar;
3954;1646082059046;Adrian;modelo test;Keynote;Sin rellenar;
3959;1646082059046;Adrian;modelo test;Keynote;Sin rellenar;
3947;1646082059044;Adrian;modelo test;Keynote;Sin rellenar;
3965;1646082059047;Adrian;modelo test;Keynote;Sin rellenar;
3966;1646082059047;Adrian;modelo test;Keynote;Sin rellenar;
4116;1646082059048;Adrian;modelo test;Keynote;Sin parametro;
4118;1646082059048;Adrian;modelo test;Keynote;Sin parametro;
3960;1646082059047;Adrian;modelo test;Keynote;Sin rellenar;
4451;1646082059049;Adrian;modelo test;Keynote;Sin rellenar;
4467;1646082059049;Adrian;modelo test;Keynote;Sin rellenar;
4468;1646082059050;Adrian;modelo test;Keynote;Sin rellenar;
4450;1646082059050;Adrian;modelo test;Keynote;Sin rellenar;
5350;1646082059049;Adrian;modelo test;Keynote;Sin parametro;
4513;1646082059051;Adrian;modelo test;Keynote;Sin rellenar;
4537;1646082059052;Adrian;modelo test;Keynote;Sin rellenar;
4542;1646082059052;Adrian;modelo test;Keynote;Sin rellenar;
4543;1646082059052;Adrian;modelo test;Keynote;Sin rellenar;
4454;1646082059050;Adrian;modelo test;Keynote;Sin rellenar;
4541;1646082059053;Adrian;modelo test;Keynote;Sin rellenar;
2033;1646082101368;Adrian;modelo test;Description;Sin rellenar;
2916;1646082101369;Adrian;modelo test;Description;Sin rellenar;
3064;1646082101371;Adrian;modelo test;Description;Sin rellenar;
2527;1646082101369;Adrian;modelo test;Description;Sin rellenar;
2901;1646082101370;Adrian;modelo test;Description;Sin rellenar;
2714;1646082101370;Adrian;modelo test;Description;Sin rellenar;
2810;1646082101370;Adrian;modelo test;Description;Sin rellenar;
2103;1646082101372;Adrian;modelo test;Description;Ok;
2589;1646082101372;Adrian;modelo test;Description;Ok;
2590;1646082101373;Adrian;modelo test;Description;Ok;
2872;1646082101373;Adrian;modelo test;Description;Ok;
3775;1646082101371;Adrian;modelo test;Description;Sin rellenar;
2179;1646082101374;Adrian;modelo test;Description;Ok;
2522;1646082101374;Adrian;modelo test;Description;Ok;
2543;1646082101375;Adrian;modelo test;Description;Ok;
2588;1646082101376;Adrian;modelo test;Description;Ok;
2106;1646082101374;Adrian;modelo test;Description;Ok;
4036;1646082101383;Adrian;modelo test;Description;Ok;
4045;1646082101384;Adrian;modelo test;Description;Ok;
2585;1646082101384;Adrian;modelo test;Description;Sin rellenar;
2587;1646082101385;Adrian;modelo test;Description;Sin rellenar;
3103;1646082101378;Adrian;modelo test;Description;Ok;
2599;1646082101386;Adrian;modelo test;Description;Sin rellenar;
2600;1646082101386;Adrian;modelo test;Description;Sin rellenar;
2601;1646082101387;Adrian;modelo test;Description;Sin rellenar;
2602;1646082101387;Adrian;modelo test;Description;Sin rellenar;
4130;1646082101385;Adrian;modelo test;Description;Sin rellenar;
2604;1646082101388;Adrian;modelo test;Description;Sin rellenar;
2726;1646082101389;Adrian;modelo test;Description;Sin rellenar;
2753;1646082101389;Adrian;modelo test;Description;Sin rellenar;
2754;1646082101390;Adrian;modelo test;Description;Sin rellenar;
2603;1646082101388;Adrian;modelo test;Description;Sin rellenar;
4348;1646082101391;Adrian;modelo test;Description;Sin rellenar;
4352;1646082101391;Adrian;modelo test;Description;Sin rellenar;
4353;1646082101392;Adrian;modelo test;Description;Sin rellenar;
4938;1646082101392;Adrian;modelo test;Description;Sin rellenar;
3869;1646082101390;Adrian;modelo test;Description;Sin rellenar;
2686;1646082101395;Adrian;modelo test;Description;Sin rellenar;
2692;1646082101395;Adrian;modelo test;Description;Sin rellenar;
3029;1646082101396;Adrian;modelo test;Description;Sin rellenar;
3035;1646082101396;Adrian;modelo test;Description;Sin rellenar;
2683;1646082101393;Adrian;modelo test;Description;Sin rellenar;
2700;1646082101397;Adrian;modelo test;Description;Sin rellenar;
2997;1646082101398;Adrian;modelo test;Description;Sin rellenar;
3005;1646082101398;Adrian;modelo test;Description;Sin rellenar;
3729;1646082101399;Adrian;modelo test;Description;Sin rellenar;
3052;1646082101397;Adrian;modelo test;Description;Sin rellenar;
3731;1646082101399;Adrian;modelo test;Description;Sin rellenar;
3732;1646082101400;Adrian;modelo test;Description;Sin rellenar;
3733;1646082101400;Adrian;modelo test;Description;Sin rellenar;
3791;1646082101401;Adrian;modelo test;Description;Sin rellenar;
3730;1646082101399;Adrian;modelo test;Description;Sin rellenar;
4961;1646082101402;Adrian;modelo test;Description;Sin rellenar;
2557;1646082101402;Adrian;modelo test;Description;Sin rellenar;
2563;1646082101403;Adrian;modelo test;Description;Sin rellenar;
2568;1646082101403;Adrian;modelo test;Description;Sin rellenar;
3801;1646082101401;Adrian;modelo test;Description;Sin rellenar;
2570;1646082101404;Adrian;modelo test;Description;Sin rellenar;
2571;1646082101404;Adrian;modelo test;Description;Sin rellenar;
2572;1646082101405;Adrian;modelo test;Description;Sin rellenar;
2573;1646082101405;Adrian;modelo test;Description;Sin rellenar;
2569;1646082101404;Adrian;modelo test;Description;Sin rellenar;
2577;1646082101406;Adrian;modelo test;Description;Sin rellenar;
2578;1646082101406;Adrian;modelo test;Description;Sin rellenar;
2579;1646082101408;Adrian;modelo test;Description;Sin rellenar;
2580;1646082101409;Adrian;modelo test;Description;Sin rellenar;
2576;1646082101406;Adrian;modelo test;Description;Sin rellenar;
2582;1646082101409;Adrian;modelo test;Description;Sin rellenar;
2632;1646082101410;Adrian;modelo test;Description;Sin rellenar;
2633;1646082101410;Adrian;modelo test;Description;Sin rellenar;
2634;1646082101410;Adrian;modelo test;Description;Sin rellenar;
2581;1646082101409;Adrian;modelo test;Description;Sin rellenar;
2638;1646082101411;Adrian;modelo test;Description;Sin rellenar;
2640;1646082101412;Adrian;modelo test;Description;Sin rellenar;
2642;1646082101412;Adrian;modelo test;Description;Sin rellenar;
2643;1646082101413;Adrian;modelo test;Description;Sin rellenar;
2636;1646082101411;Adrian;modelo test;Description;Sin rellenar;
2645;1646082101414;Adrian;modelo test;Description;Sin rellenar;
2646;1646082101414;Adrian;modelo test;Description;Sin rellenar;
2647;1646082101414;Adrian;modelo test;Description;Sin rellenar;
2648;1646082101415;Adrian;modelo test;Description;Sin rellenar;
2644;1646082101413;Adrian;modelo test;Description;Sin rellenar;
2650;1646082101416;Adrian;modelo test;Description;Sin rellenar;
2651;1646082101416;Adrian;modelo test;Description;Sin rellenar;
2652;1646082101417;Adrian;modelo test;Description;Sin rellenar;
2653;1646082101417;Adrian;modelo test;Description;Sin rellenar;
2649;1646082101415;Adrian;modelo test;Description;Sin rellenar;
2655;1646082101418;Adrian;modelo test;Description;Sin rellenar;
2852;1646082101418;Adrian;modelo test;Description;Sin rellenar;
3264;1646082101419;Adrian;modelo test;Description;Sin rellenar;
3265;1646082101419;Adrian;modelo test;Description;Sin rellenar;
2654;1646082101418;Adrian;modelo test;Description;Sin rellenar;
3728;1646082101422;Adrian;modelo test;Description;Sin rellenar;
4037;1646082101422;Adrian;modelo test;Description;Sin rellenar;
4038;1646082101422;Adrian;modelo test;Description;Sin rellenar;
4039;1646082101423;Adrian;modelo test;Description;Sin rellenar;
3266;1646082101421;Adrian;modelo test;Description;Sin rellenar;
4041;1646082101424;Adrian;modelo test;Description;Sin rellenar;
4240;1646082101424;Adrian;modelo test;Description;Sin rellenar;
4241;1646082101424;Adrian;modelo test;Description;Sin rellenar;
4242;1646082101425;Adrian;modelo test;Description;Sin rellenar;
4040;1646082101423;Adrian;modelo test;Description;Sin rellenar;
4244;1646082101426;Adrian;modelo test;Description;Sin rellenar;
4245;1646082101426;Adrian;modelo test;Description;Sin rellenar;
4246;1646082101426;Adrian;modelo test;Description;Sin rellenar;
4247;1646082101427;Adrian;modelo test;Description;Sin rellenar;
4243;1646082101425;Adrian;modelo test;Description;Sin rellenar;
4249;1646082101428;Adrian;modelo test;Description;Sin rellenar;
4250;1646082101428;Adrian;modelo test;Description;Sin rellenar;
4251;1646082101428;Adrian;modelo test;Description;Sin rellenar;
4252;1646082101429;Adrian;modelo test;Description;Sin rellenar;
4248;1646082101427;Adrian;modelo test;Description;Sin rellenar;
3388;1646082101429;Adrian;modelo test;Description;Sin rellenar;
3390;1646082101430;Adrian;modelo test;Description;Sin rellenar;
3392;1646082101430;Adrian;modelo test;Description;Sin rellenar;
3393;1646082101431;Adrian;modelo test;Description;Sin rellenar;
3386;1646082101429;Adrian;modelo test;Description;Sin rellenar;
3395;1646082101432;Adrian;modelo test;Description;Sin rellenar;
3396;1646082101432;Adrian;modelo test;Description;Sin rellenar;
3397;1646082101433;Adrian;modelo test;Description;Sin rellenar;
3398;1646082101433;Adrian;modelo test;Description;Sin rellenar;
3394;1646082101431;Adrian;modelo test;Description;Sin rellenar;
3400;1646082101435;Adrian;modelo test;Description;Sin rellenar;
3401;1646082101436;Adrian;modelo test;Description;Sin rellenar;
3402;1646082101436;Adrian;modelo test;Description;Sin rellenar;
3403;1646082101437;Adrian;modelo test;Description;Sin rellenar;
3399;1646082101435;Adrian;modelo test;Description;Sin rellenar;
4145;1646082101437;Adrian;modelo test;Description;Sin rellenar;
4146;1646082101438;Adrian;modelo test;Description;Sin rellenar;
4147;1646082101438;Adrian;modelo test;Description;Sin rellenar;
4148;1646082101439;Adrian;modelo test;Description;Sin rellenar;
4144;1646082101437;Adrian;modelo test;Description;Sin rellenar;
4150;1646082101440;Adrian;modelo test;Description;Sin rellenar;
4151;1646082101440;Adrian;modelo test;Description;Sin rellenar;
4152;1646082101440;Adrian;modelo test;Description;Sin rellenar;
4153;1646082101441;Adrian;modelo test;Description;Sin rellenar;
4149;1646082101439;Adrian;modelo test;Description;Sin rellenar;
4155;1646082101442;Adrian;modelo test;Description;Sin rellenar;
4156;1646082101442;Adrian;modelo test;Description;Sin rellenar;
3423;1646082101442;Adrian;modelo test;Description;Sin rellenar;
3424;1646082101443;Adrian;modelo test;Description;Sin rellenar;
4154;1646082101441;Adrian;modelo test;Description;Sin rellenar;
3426;1646082101444;Adrian;modelo test;Description;Sin rellenar;
3427;1646082101445;Adrian;modelo test;Description;Sin rellenar;
3429;1646082101446;Adrian;modelo test;Description;Sin rellenar;
3430;1646082101447;Adrian;modelo test;Description;Sin rellenar;
3425;1646082101444;Adrian;modelo test;Description;Sin rellenar;
3432;1646082101448;Adrian;modelo test;Description;Sin rellenar;
3434;1646082101448;Adrian;modelo test;Description;Sin rellenar;
3435;1646082101449;Adrian;modelo test;Description;Sin rellenar;
3436;1646082101451;Adrian;modelo test;Description;Sin rellenar;
3431;1646082101447;Adrian;modelo test;Description;Sin rellenar;
3438;1646082101452;Adrian;modelo test;Description;Sin rellenar;
3455;1646082101453;Adrian;modelo test;Description;Sin rellenar;
3456;1646082101454;Adrian;modelo test;Description;Sin rellenar;
3457;1646082101454;Adrian;modelo test;Description;Sin rellenar;
3437;1646082101452;Adrian;modelo test;Description;Sin rellenar;
3460;1646082101455;Adrian;modelo test;Description;Sin rellenar;
3461;1646082101456;Adrian;modelo test;Description;Sin rellenar;
3462;1646082101456;Adrian;modelo test;Description;Sin rellenar;
3463;1646082101457;Adrian;modelo test;Description;Sin rellenar;
3458;1646082101455;Adrian;modelo test;Description;Sin rellenar;
4977;1646082101458;Adrian;modelo test;Description;Sin rellenar;
4979;1646082101458;Adrian;modelo test;Description;Sin rellenar;
4981;1646082101458;Adrian;modelo test;Description;Sin rellenar;
4983;1646082101459;Adrian;modelo test;Description;Sin rellenar;
4975;1646082101457;Adrian;modelo test;Description;Sin rellenar;
4987;1646082101460;Adrian;modelo test;Description;Sin rellenar;
4989;1646082101460;Adrian;modelo test;Description;Sin rellenar;
4990;1646082101461;Adrian;modelo test;Description;Sin rellenar;
4991;1646082101461;Adrian;modelo test;Description;Sin rellenar;
4985;1646082101459;Adrian;modelo test;Description;Sin rellenar;
4993;1646082101462;Adrian;modelo test;Description;Sin rellenar;
4994;1646082101463;Adrian;modelo test;Description;Sin rellenar;
4995;1646082101463;Adrian;modelo test;Description;Sin rellenar;
4996;1646082101463;Adrian;modelo test;Description;Sin rellenar;
4992;1646082101462;Adrian;modelo test;Description;Sin rellenar;
5045;1646082101464;Adrian;modelo test;Description;Sin rellenar;
5046;1646082101465;Adrian;modelo test;Description;Sin rellenar;
5047;1646082101467;Adrian;modelo test;Description;Sin rellenar;
5048;1646082101467;Adrian;modelo test;Description;Sin rellenar;
5044;1646082101464;Adrian;modelo test;Description;Sin rellenar;
5050;1646082101468;Adrian;modelo test;Description;Sin rellenar;
5051;1646082101468;Adrian;modelo test;Description;Sin rellenar;
5052;1646082101469;Adrian;modelo test;Description;Sin rellenar;
5053;1646082101469;Adrian;modelo test;Description;Sin rellenar;
5049;1646082101467;Adrian;modelo test;Description;Sin rellenar;
5055;1646082101470;Adrian;modelo test;Description;Sin rellenar;
5056;1646082101470;Adrian;modelo test;Description;Sin rellenar;
5057;1646082101471;Adrian;modelo test;Description;Sin rellenar;
5058;1646082101471;Adrian;modelo test;Description;Sin rellenar;
5054;1646082101470;Adrian;modelo test;Description;Sin rellenar;
5060;1646082101472;Adrian;modelo test;Description;Sin rellenar;
5061;1646082101473;Adrian;modelo test;Description;Sin rellenar;
4942;1646082101473;Adrian;modelo test;Description;Sin rellenar;
4943;1646082101474;Adrian;modelo test;Description;Sin rellenar;
5059;1646082101472;Adrian;modelo test;Description;Sin rellenar;
4947;1646082101474;Adrian;modelo test;Description;Sin rellenar;
4949;1646082101475;Adrian;modelo test;Description;Sin rellenar;
4951;1646082101475;Adrian;modelo test;Description;Sin rellenar;
4952;1646082101476;Adrian;modelo test;Description;Sin rellenar;
4945;1646082101474;Adrian;modelo test;Description;Sin rellenar;
4954;1646082101477;Adrian;modelo test;Description;Sin rellenar;
4955;1646082101477;Adrian;modelo test;Description;Sin rellenar;
4956;1646082101478;Adrian;modelo test;Description;Sin rellenar;
4957;1646082101478;Adrian;modelo test;Description;Sin rellenar;
4953;1646082101476;Adrian;modelo test;Description;Sin rellenar;
5040;1646082101481;Adrian;modelo test;Description;Sin rellenar;
5041;1646082101481;Adrian;modelo test;Description;Sin rellenar;
5042;1646082101482;Adrian;modelo test;Description;Sin rellenar;
5043;1646082101483;Adrian;modelo test;Description;Sin rellenar;
4958;1646082101479;Adrian;modelo test;Description;Sin rellenar;
5066;1646082101489;Adrian;modelo test;Description;Sin rellenar;
4999;1646082101490;Adrian;modelo test;Description;Sin rellenar;
5000;1646082101490;Adrian;modelo test;Description;Sin rellenar;
5001;1646082101490;Adrian;modelo test;Description;Sin rellenar;
5064;1646082101488;Adrian;modelo test;Description;Sin rellenar;
5003;1646082101491;Adrian;modelo test;Description;Sin rellenar;
5005;1646082101492;Adrian;modelo test;Description;Sin rellenar;
5007;1646082101492;Adrian;modelo test;Description;Sin rellenar;
5009;1646082101493;Adrian;modelo test;Description;Sin rellenar;
5002;1646082101491;Adrian;modelo test;Description;Sin rellenar;
5013;1646082101494;Adrian;modelo test;Description;Sin rellenar;
5015;1646082101494;Adrian;modelo test;Description;Sin rellenar;
5017;1646082101495;Adrian;modelo test;Description;Sin rellenar;
5018;1646082101495;Adrian;modelo test;Description;Sin rellenar;
5011;1646082101493;Adrian;modelo test;Description;Sin rellenar;
5020;1646082101496;Adrian;modelo test;Description;Sin rellenar;
5021;1646082101498;Adrian;modelo test;Description;Sin rellenar;
5022;1646082101498;Adrian;modelo test;Description;Sin rellenar;
5023;1646082101499;Adrian;modelo test;Description;Sin rellenar;
5019;1646082101496;Adrian;modelo test;Description;Sin rellenar;
5025;1646082101500;Adrian;modelo test;Description;Sin rellenar;
5026;1646082101500;Adrian;modelo test;Description;Sin rellenar;
5027;1646082101501;Adrian;modelo test;Description;Sin rellenar;
5028;1646082101501;Adrian;modelo test;Description;Sin rellenar;
5024;1646082101499;Adrian;modelo test;Description;Sin rellenar;
5030;1646082101502;Adrian;modelo test;Description;Sin rellenar;
5031;1646082101502;Adrian;modelo test;Description;Sin rellenar;
5032;1646082101503;Adrian;modelo test;Description;Sin rellenar;
5033;1646082101503;Adrian;modelo test;Description;Sin rellenar;
5029;1646082101502;Adrian;modelo test;Description;Sin rellenar;
5035;1646082101504;Adrian;modelo test;Description;Sin rellenar;
5036;1646082101504;Adrian;modelo test;Description;Sin rellenar;
5037;1646082101505;Adrian;modelo test;Description;Sin rellenar;
5038;1646082101505;Adrian;modelo test;Description;Sin rellenar;
5034;1646082101504;Adrian;modelo test;Description;Sin rellenar;
2145;1646082101506;Adrian;modelo test;Description;Ok;
2541;1646082101506;Adrian;modelo test;Description;Ok;
3341;1646082101507;Adrian;modelo test;Description;Ok;
4337;1646082101507;Adrian;modelo test;Description;Ok;
2128;1646082101506;Adrian;modelo test;Description;Ok;
4351;1646082101509;Adrian;modelo test;Description;Ok;
3909;1646082101510;Adrian;modelo test;Description;Sin rellenar;
3910;1646082101510;Adrian;modelo test;Description;Sin rellenar;
4341;1646082101510;Adrian;modelo test;Description;Sin rellenar;
4347;1646082101508;Adrian;modelo test;Description;Ok;
4350;1646082101511;Adrian;modelo test;Description;Sin rellenar;
2213;1646082101514;Adrian;modelo test;Description;Sin rellenar;
3533;1646082101514;Adrian;modelo test;Description;Sin rellenar;
2495;1646082101514;Adrian;modelo test;Description;Sin parametro;
4346;1646082101511;Adrian;modelo test;Description;Sin rellenar;
2837;1646082101515;Adrian;modelo test;Description;Sin parametro;
2505;1646082101516;Adrian;modelo test;Description;Sin rellenar;
3445;1646082101516;Adrian;modelo test;Description;Sin rellenar;
3464;1646082101517;Adrian;modelo test;Description;Sin rellenar;
2669;1646082101515;Adrian;modelo test;Description;Sin parametro;
2536;1646082101518;Adrian;modelo test;Description;Sin rellenar;
2925;1646082101518;Adrian;modelo test;Description;Sin rellenar;
2548;1646082101519;Adrian;modelo test;Description;Sin rellenar;
2586;1646082101519;Adrian;modelo test;Description;Sin rellenar;
2535;1646082101517;Adrian;modelo test;Description;Sin rellenar;
2606;1646082101521;Adrian;modelo test;Description;Sin rellenar;
2607;1646082101521;Adrian;modelo test;Description;Sin rellenar;
2608;1646082101521;Adrian;modelo test;Description;Sin rellenar;
2656;1646082101522;Adrian;modelo test;Description;Sin rellenar;
2605;1646082101520;Adrian;modelo test;Description;Sin rellenar;
4354;1646082101523;Adrian;modelo test;Description;Ok;
4355;1646082101523;Adrian;modelo test;Description;Ok;
4136;1646082101524;Adrian;modelo test;Description;Sin rellenar;
2613;1646082101524;Adrian;modelo test;Description;Ok;
2744;1646082101522;Adrian;modelo test;Description;Ok;
2615;1646082101527;Adrian;modelo test;Description;Ok;
2628;1646082101528;Adrian;modelo test;Description;Ok;
2727;1646082101528;Adrian;modelo test;Description;Ok;
2924;1646082101529;Adrian;modelo test;Description;Ok;
2614;1646082101525;Adrian;modelo test;Description;Ok;
3678;1646082101530;Adrian;modelo test;Description;Ok;
3679;1646082101530;Adrian;modelo test;Description;Ok;
3680;1646082101531;Adrian;modelo test;Description;Ok;
3681;1646082101531;Adrian;modelo test;Description;Ok;
3421;1646082101529;Adrian;modelo test;Description;Ok;
3718;1646082101532;Adrian;modelo test;Description;Ok;
3719;1646082101533;Adrian;modelo test;Description;Ok;
3720;1646082101533;Adrian;modelo test;Description;Ok;
2665;1646082101534;Adrian;modelo test;Description;Sin rellenar;
3717;1646082101532;Adrian;modelo test;Description;Ok;
2674;1646082101535;Adrian;modelo test;Description;Sin rellenar;
2838;1646082101535;Adrian;modelo test;Description;Sin rellenar;
2733;1646082101535;Adrian;modelo test;Description;Sin rellenar;
4333;1646082101536;Adrian;modelo test;Description;Sin rellenar;
2666;1646082101534;Adrian;modelo test;Description;Sin rellenar;
4349;1646082101537;Adrian;modelo test;Description;Sin rellenar;
3205;1646082101537;Adrian;modelo test;Description;Ok;
3243;1646082101537;Adrian;modelo test;Description;Ok;
3297;1646082101538;Adrian;modelo test;Description;Ok;
3372;1646082101538;Adrian;modelo test;Description;Sin rellenar;
4343;1646082101536;Adrian;modelo test;Description;Sin rellenar;
5262;1646082101539;Adrian;modelo test;Description;Sin rellenar;
5272;1646082101539;Adrian;modelo test;Description;Sin rellenar;
5285;1646082101540;Adrian;modelo test;Description;Sin rellenar;
5287;1646082101541;Adrian;modelo test;Description;Sin rellenar;
5289;1646082101541;Adrian;modelo test;Description;Sin rellenar;
5293;1646082101542;Adrian;modelo test;Description;Sin rellenar;
5295;1646082101542;Adrian;modelo test;Description;Sin rellenar;
5297;1646082101543;Adrian;modelo test;Description;Sin rellenar;
5284;1646082101543;Adrian;modelo test;Description;Sin rellenar;
5286;1646082101543;Adrian;modelo test;Description;Sin rellenar;
5291;1646082101541;Adrian;modelo test;Description;Sin rellenar;
5288;1646082101544;Adrian;modelo test;Description;Sin rellenar;
5290;1646082101544;Adrian;modelo test;Description;Sin rellenar;
5292;1646082101545;Adrian;modelo test;Description;Sin rellenar;
5294;1646082101546;Adrian;modelo test;Description;Sin rellenar;
5296;1646082101546;Adrian;modelo test;Description;Sin rellenar;
2752;1646082101547;Adrian;modelo test;Description;Sin rellenar;
2850;1646082101548;Adrian;modelo test;Description;Sin rellenar;
3314;1646082101548;Adrian;modelo test;Description;Sin rellenar;
2777;1646082101549;Adrian;modelo test;Description;Sin rellenar;
2780;1646082101549;Adrian;modelo test;Description;Sin rellenar;
5298;1646082101547;Adrian;modelo test;Description;Sin rellenar;
2783;1646082101550;Adrian;modelo test;Description;Sin rellenar;
2787;1646082101550;Adrian;modelo test;Description;Sin rellenar;
2790;1646082101551;Adrian;modelo test;Description;Sin rellenar;
2793;1646082101551;Adrian;modelo test;Description;Sin rellenar;
2796;1646082101551;Adrian;modelo test;Description;Sin rellenar;
2802;1646082101552;Adrian;modelo test;Description;Sin rellenar;
2805;1646082101553;Adrian;modelo test;Description;Sin rellenar;
3852;1646082101553;Adrian;modelo test;Description;Sin rellenar;
3823;1646082101554;Adrian;modelo test;Description;Sin rellenar;
2818;1646082101555;Adrian;modelo test;Description;Sin rellenar;
2799;1646082101552;Adrian;modelo test;Description;Sin rellenar;
3542;1646082101555;Adrian;modelo test;Description;Sin rellenar;
3110;1646082101556;Adrian;modelo test;Description;Sin rellenar;
2935;1646082101556;Adrian;modelo test;Description;Sin rellenar;
2962;1646082101557;Adrian;modelo test;Description;Sin rellenar;
3117;1646082101557;Adrian;modelo test;Description;Sin rellenar;
4209;1646082101558;Adrian;modelo test;Description;Sin rellenar;
4225;1646082101559;Adrian;modelo test;Description;Sin rellenar;
4257;1646082101559;Adrian;modelo test;Description;Sin rellenar;
4271;1646082101559;Adrian;modelo test;Description;Sin rellenar;
4193;1646082101558;Adrian;modelo test;Description;Sin rellenar;
4311;1646082101562;Adrian;modelo test;Description;Sin rellenar;
2949;1646082101563;Adrian;modelo test;Description;Sin rellenar;
2965;1646082101563;Adrian;modelo test;Description;Sin rellenar;
3120;1646082101564;Adrian;modelo test;Description;Sin rellenar;
4292;1646082101560;Adrian;modelo test;Description;Sin rellenar;
4211;1646082101565;Adrian;modelo test;Description;Sin rellenar;
4227;1646082101565;Adrian;modelo test;Description;Sin rellenar;
4259;1646082101566;Adrian;modelo test;Description;Sin rellenar;
4273;1646082101566;Adrian;modelo test;Description;Sin rellenar;
4197;1646082101564;Adrian;modelo test;Description;Sin rellenar;
4316;1646082101567;Adrian;modelo test;Description;Sin rellenar;
3217;1646082101567;Adrian;modelo test;Description;Ok;
3230;1646082101568;Adrian;modelo test;Description;Ok;
3256;1646082101568;Adrian;modelo test;Description;Ok;
4294;1646082101567;Adrian;modelo test;Description;Sin rellenar;
3307;1646082101569;Adrian;modelo test;Description;Ok;
5156;1646082101570;Adrian;modelo test;Description;Sin rellenar;
5244;1646082101570;Adrian;modelo test;Description;Sin rellenar;
3279;1646082101571;Adrian;modelo test;Description;Sin rellenar;
3263;1646082101569;Adrian;modelo test;Description;Ok;
3321;1646082101572;Adrian;modelo test;Description;Sin rellenar;
3379;1646082101572;Adrian;modelo test;Description;Sin rellenar;
3677;1646082101573;Adrian;modelo test;Description;Sin rellenar;
3682;1646082101573;Adrian;modelo test;Description;Sin rellenar;
3284;1646082101571;Adrian;modelo test;Description;Sin rellenar;
5102;1646082101574;Adrian;modelo test;Description;Sin rellenar;
5106;1646082101574;Adrian;modelo test;Description;Sin rellenar;
5107;1646082101575;Adrian;modelo test;Description;Sin rellenar;
5108;1646082101575;Adrian;modelo test;Description;Sin rellenar;
5081;1646082101574;Adrian;modelo test;Description;Sin rellenar;
5105;1646082101576;Adrian;modelo test;Description;Sin rellenar;
5109;1646082101576;Adrian;modelo test;Description;Sin rellenar;
5127;1646082101577;Adrian;modelo test;Description;Sin rellenar;
5141;1646082101578;Adrian;modelo test;Description;Sin rellenar;
5110;1646082101576;Adrian;modelo test;Description;Sin rellenar;
5161;1646082101579;Adrian;modelo test;Description;Sin rellenar;
5191;1646082101580;Adrian;modelo test;Description;Sin rellenar;
5194;1646082101580;Adrian;modelo test;Description;Sin rellenar;
5199;1646082101581;Adrian;modelo test;Description;Sin rellenar;
5160;1646082101579;Adrian;modelo test;Description;Sin rellenar;
5203;1646082101582;Adrian;modelo test;Description;Sin rellenar;
5208;1646082101582;Adrian;modelo test;Description;Sin rellenar;
5212;1646082101582;Adrian;modelo test;Description;Sin rellenar;
5213;1646082101583;Adrian;modelo test;Description;Sin rellenar;
5200;1646082101581;Adrian;modelo test;Description;Sin rellenar;
5224;1646082101585;Adrian;modelo test;Description;Sin rellenar;
5225;1646082101586;Adrian;modelo test;Description;Sin rellenar;
5226;1646082101586;Adrian;modelo test;Description;Sin rellenar;
5227;1646082101586;Adrian;modelo test;Description;Sin rellenar;
5223;1646082101583;Adrian;modelo test;Description;Sin rellenar;
5229;1646082101587;Adrian;modelo test;Description;Sin rellenar;
5230;1646082101587;Adrian;modelo test;Description;Sin rellenar;
3754;1646082101588;Adrian;modelo test;Description;Sin rellenar;
3853;1646082101593;Adrian;modelo test;Description;Sin rellenar;
5228;1646082101587;Adrian;modelo test;Description;Sin rellenar;
3855;1646082101594;Adrian;modelo test;Description;Sin rellenar;
3856;1646082101594;Adrian;modelo test;Description;Sin rellenar;
3857;1646082101595;Adrian;modelo test;Description;Sin rellenar;
3858;1646082101595;Adrian;modelo test;Description;Sin rellenar;
3854;1646082101593;Adrian;modelo test;Description;Sin rellenar;
3978;1646082101596;Adrian;modelo test;Description;Ok;
4035;1646082101597;Adrian;modelo test;Description;Ok;
3905;1646082101597;Adrian;modelo test;Description;Ok;
3937;1646082101598;Adrian;modelo test;Description;Ok;
3859;1646082101596;Adrian;modelo test;Description;Sin rellenar;
3944;1646082101600;Adrian;modelo test;Description;Ok;
3947;1646082101600;Adrian;modelo test;Description;Ok;
3948;1646082101601;Adrian;modelo test;Description;Ok;
3953;1646082101601;Adrian;modelo test;Description;Ok;
3943;1646082101599;Adrian;modelo test;Description;Ok;
3959;1646082101602;Adrian;modelo test;Description;Ok;
3960;1646082101603;Adrian;modelo test;Description;Ok;
3965;1646082101603;Adrian;modelo test;Description;Ok;
3966;1646082101604;Adrian;modelo test;Description;Ok;
3954;1646082101602;Adrian;modelo test;Description;Ok;
4118;1646082101605;Adrian;modelo test;Description;Sin parametro;
5350;1646082101605;Adrian;modelo test;Description;Sin parametro;
4451;1646082101606;Adrian;modelo test;Description;Ok;
4467;1646082101607;Adrian;modelo test;Description;Ok;
4116;1646082101604;Adrian;modelo test;Description;Sin parametro;
4450;1646082101608;Adrian;modelo test;Description;Ok;
4454;1646082101608;Adrian;modelo test;Description;Ok;
4513;1646082101608;Adrian;modelo test;Description;Sin rellenar;
4537;1646082101609;Adrian;modelo test;Description;Sin rellenar;
4468;1646082101607;Adrian;modelo test;Description;Ok;
4543;1646082101610;Adrian;modelo test;Description;Sin rellenar;
4541;1646082101610;Adrian;modelo test;Description;Sin rellenar;
4542;1646082101609;Adrian;modelo test;Description;Sin rellenar;
